{
  "extends": [
    "config:base",
    ":semanticCommitTypeAll(deps)"
  ],
  "semanticCommits": "enabled",
  "semanticCommitType": "deps",
  "semanticCommitScope": "Renovate",
  "branchConcurrentLimit": 20,
  "prConcurrentLimit": 20,
  "packageRules": [
    {
      "matchPackageNames": [
        "github.com/aws/aws-sdk-go",
        "google.golang.org/genproto"
      ],
      "extends": [
        "schedule:monthly"
      ]
    },
    {
      "matchLanguages": [
        "go",
        "golang"
      ],
      "semanticCommitScope": "api"
    },
    {
      "matchLanguages": [
        "js",
        "javascript",
        "typescript"
      ],
      "semanticCommitScope": "ui"
    },
    {
      "matchLanguages": [
        "docker",
        "dockerfile"
      ],
      "semanticCommitScope": "containers"
    }
  ]
}
